Maria Silva;maria.silva@empresa.com.br
Pedro Junior;p.junior@example.com
Ana Souza;ana.souza@empresa.com.br
Carlos Lima;carlos.lima@empresa.com.br
Fernanda Costa;fernanda.costa@empresa.com.br
João Pedro;joao.pedro@empresa.com.br
Patrícia Alves;patricia.alves@empresa.com.br
Rafael Torres;rafael.torres@empresa.com.br
Juliana Rocha;juliana.rocha@empresa.com.br
Bruno Martins;bruno.martins@empresa.com.br
Camila Duarte;camila.duarte@empresa.com.br
Lucas Oliveira;lucas.oliveira@empresa.com.br
Mariana Pinto;mariana.pinto@empresa.com.br
Gabriel Barbosa;gabriel.barbosa@empresa.com.br
Larissa Mendes;larissa.mendes@empresa.com.br
Thiago Ramos;thiago.ramos@empresa.com.br
Amanda Teixeira;amanda.teixeira@empresa.com.br
Vinícius Gomes;vinicius.gomes@empresa.com.br
Beatriz Faria;beatriz.faria@empresa.com.br
Rodrigo Pires;rodrigo.pires@empresa.com.br
Letícia Cardoso;leticia.cardoso@empresa.com.br
Felipe Nunes;felipe.nunes@empresa.com.br
Tatiane Freitas;tatiane.freitas@empresa.com.br
Eduardo Azevedo;eduardo.azevedo@empresa.com.br
Sabrina Lopes;sabrina.lopes@empresa.com.br
André Castro;andre.castro@empresa.com.br
Paula Ribeiro;paula.ribeiro@empresa.com.br
Ricardo Fernandes;ricardo.fernandes@empresa.com.br
Vanessa Moura;vanessa.moura@empresa.com.br
Diego Moreira;diego.moreira@empresa.com.br
Simone Brito;simone.brito@empresa.com.br
Fábio Cunha;fabio.cunha@empresa.com.br
Natália Sales;natali.sales@empresa.com.br
Cláudio Rezende;claudio.rezende@empresa.com.br
Débora Tavares;debora.tavares@empresa.com.br
Henrique Melo;henrique.melo@empresa.com.br
Priscila Barros;priscila.barros@empresa.com.br
Otávio Silveira;otavio.silveira@empresa.com.br
Elaine Prado;elaine.prado@empresa.com.br
Marcelo Antunes;marcelo.antunes@empresa.com.br
Cristina Xavier;cristina.xavier@empresa.com.br
Sandro Paiva;sandro.paiva@empresa.com.br
Michele Assis;michele.assis@empresa.com.br
Renato Peixoto;renato.peixoto@empresa.com.br
Jéssica Teles;jessica.teles@empresa.com.br
Alessandro Reis;alessandro.reis@empresa.com.br
Marta Neves;marta.neves@empresa.com.br
Gustavo Siqueira;gustavo.siqueira@empresa.com.br
Patrícia Matos;patricia.matos@empresa.com.br
Leandro Furtado;leandro.furtado@empresa.com.br
Cristiane Diniz;cristiane.diniz@empresa.com.br
Sérgio Aguiar;sergio.aguiar@empresa.com.br
Daniela Pacheco;daniela.pacheco@empresa.com.br
Vitor Bastos;vitor.bastos@empresa.com.br
Helena Dias;helena.dias@empresa.com.br
Murilo Queiroz;murilo.queiroz@empresa.com.br
Patrícia Sampaio;patricia.sampaio@empresa.com.br
Rogério Braga;rogerio.braga@empresa.com.br
Isabela Neri;isabela.neri@empresa.com.br
Samuel Barreto;samuel.barreto@empresa.com.br
Viviane Lemos;viviane.lemos@empresa.com.br
Danilo Farias;danilo.farias@empresa.com.br
Rosana Pimentel;rosana.pimentel@empresa.com.br
Alexandre Viana;alexandre.viana@empresa.com.br
Tânia Goulart;tania.goulart@empresa.com.br
Edson Maciel;edson.maciel@empresa.com.br
Patrícia Rezende;patricia.rezende@empresa.com.br
Wesley Amaral;wesley.amaral@empresa.com.br
Cristina Nogueira;cristina.nogueira@empresa.com.br
Rogério Duarte;rogerio.duarte@empresa.com.br
Tatiane Rocha;tatiane.rocha@empresa.com.br
Fernando Salles;fernando.salles@empresa.com.br
Luciana Figueiredo;luciana.figueiredo@empresa.com.br
Rafael Silveira;rafael.silveira@empresa.com.br
Patrícia Furtado;patricia.furtado@empresa.com.br
Anderson Tavares;anderson.tavares@empresa.com.br
Juliana Peixoto;juliana.peixoto@empresa.com.br
Rodrigo Siqueira;rodrigo.siqueira@empresa.com.br
Marina Bastos;marina.bastos@empresa.com.br
Felipe Dias;felipe.dias@empresa.com.br
Tatiane Neri;tatiane.neri@empresa.com.br
Eduardo Lemos;eduardo.lemos@empresa.com.br
Cristiane Farias;cristiane.farias@empresa.com.br
Sérgio Matos;sergio.matos@empresa.com.br
Daniela Siqueira;daniela.siqueira@empresa.com.br
Vitor Furtado;vitor.furtado@empresa.com.br
Helena Bastos;helena.bastos@empresa.com.br
Murilo Dias;murilo.dias@empresa.com.br
Patrícia Bastos;patricia.bastos@empresa.com.br
Rogério Farias;rogerio.farias@empresa.com.br
Isabela Dias;isabela.dias@empresa.com.br
Samuel Siqueira;samuel.siqueira@empresa.com.br
Viviane Bastos;viviane.bastos@empresa.com.br
Danilo Dias;danilo.dias@empresa.com.br
Rosana Dias;rosana.dias@empresa.com.br
Alexandre Dias;alexandre.dias@empresa.com.br
Tânia Dias;tania.dias@empresa.com.br
Edson Dias;edson.dias@empresa.com.br
Patrícia Dias;patricia.dias@empresa.com.br
Wesley Dias;wesley.dias@empresa.com.br
Cristina Dias;cristina.dias@empresa.com.br
Rogério Dias;rogerio.dias@empresa.com.br
Tatiane Dias;tatiane.dias@empresa.com.br
Fernando Dias;fernando.dias@empresa.com.br
Luciana Dias;luciana.dias@empresa.com.br
Rafael Dias;rafael.dias@empresa.com.br
Patrícia Dias2;patricia2.dias@empresa.com.br
Anderson Dias;anderson.dias@empresa.com.br
Juliana Dias;juliana.dias@empresa.com.br
Rodrigo Dias;rodrigo.dias@empresa.com.br
Marina Dias;marina.dias@empresa.com.br
Felipe Dias2;felipe2.dias@empresa.com.br
Tatiane Dias2;tatiane2.dias@empresa.com.br
Eduardo Dias;eduardo.dias@empresa.com.br
Cristiane Dias2;cristiane2.dias@empresa.com.br
Sérgio Dias;sergio.dias@empresa.com.br
Daniela Dias;daniela.dias@empresa.com.br
Vitor Dias;vitor.dias@empresa.com.br
Helena Dias2;helena2.dias@empresa.com.br
Murilo Dias2;murilo2.dias@empresa.com.br
Patrícia Dias3;patricia3.dias@empresa.com.br
Rogério Dias2;rogerio2.dias@empresa.com.br
Isabela Dias2;isabela2.dias@empresa.com.br
Samuel Dias;samuel.dias@empresa.com.br
Viviane Dias;viviane.dias@empresa.com.br
Danilo Dias2;danilo2.dias@empresa.com.br
Rosana Dias2;rosana2.dias@empresa.com.br
Alexandre Dias2;alexandre2.dias@empresa.com.br
Tânia Dias2;tania2.dias@empresa.com.br
Edson Dias2;edson2.dias@empresa.com.br
Patrícia Dias4;patricia4.dias@empresa.com.br
Wesley Dias2;wesley2.dias@empresa.com.br
Cristina Dias2;cristina2.dias@empresa.com.br
Rogério Dias3;rogerio3.dias@empresa.com.br
Tatiane Dias3;tatiane3.dias@empresa.com.br
Fernando Dias2;fernando2.dias@empresa.com.br
Luciana Dias2;luciana2.dias@empresa.com.br
Rafael Dias2;rafael2.dias@empresa.com.br
Patrícia Dias5;patricia5.dias@empresa.com.br
Anderson Dias2;anderson2.dias@empresa.com.br
Juliana Dias2;juliana2.dias@empresa.com.br
Rodrigo Dias2;rodrigo2.dias@empresa.com.br
Marina Dias2;marina2.dias@empresa.com.br
Felipe Dias3;felipe3.dias@empresa.com.br
Tatiane Dias4;tatiane4.dias@empresa.com.br
Eduardo Dias2;eduardo2.dias@empresa.com.br
Cristiane Dias3;cristiane3.dias@empresa.com.br
Sérgio Dias2;sergio2.dias@empresa.com.br
Daniela Dias2;daniela2.dias@empresa.com.br
Vitor Dias2;vitor2.dias@empresa.com.br
Helena Dias3;helena3.dias@empresa.com.br
Murilo Dias3;murilo3.dias@empresa.com.br
Patrícia Dias6;patricia6.dias@empresa.com.br
Rogério Dias4;rogerio4.dias@empresa.com.br
Isabela Dias3;isabela3.dias@empresa.com.br
Samuel Dias2;samuel2.dias@empresa.com.br
Viviane Dias2;viviane2.dias@empresa.com.br
Danilo Dias3;danilo3.dias@empresa.com.br
Rosana Dias3;rosana3.dias@empresa.com.br
Alexandre Dias3;alexandre3.dias@empresa.com.br
Tânia Dias3;tania3.dias@empresa.com.br
Edson Dias3;edson3.dias@empresa.com.br
Patrícia Dias7;patricia7.dias@empresa.com.br
Wesley Dias3;wesley3.dias@empresa.com.br
Cristina Dias3;cristina3.dias@empresa.com.br
Rogério Dias5;rogerio5.dias@empresa.com.br
Tatiane Dias5;tatiane5.dias@empresa.com.br
Fernando Dias3;fernando3.dias@empresa.com.br
Luciana Dias3;luciana3.dias@empresa.com.br
Rafael Dias3;rafael3.dias@empresa.com.br
Patrícia Dias8;patricia8.dias@empresa.com.br
Anderson Dias3;anderson3.dias@empresa.com.br
Juliana Dias3;juliana3.dias@empresa.com.br
Rodrigo Dias3;rodrigo3.dias@empresa.com.br
Marina Dias3;marina3.dias@empresa.com.br
Felipe Dias4;felipe4.dias@empresa.com.br
Tatiane Dias6;tatiane6.dias@empresa.com.br
Eduardo Dias3;eduardo3.dias@empresa.com.br
Cristiane Dias4;cristiane4.dias@empresa.com.br
Sérgio Dias3;sergio3.dias@empresa.com.br
Daniela Dias3;daniela3.dias@empresa.com.br
Vitor Dias3;vitor3.dias@empresa.com.br
Helena Dias4;helena4.dias@empresa.com.br
Murilo Dias4;murilo4.dias@empresa.com.br
Patrícia Dias9;patricia9.dias@empresa.com.br
Rogério Dias6;rogerio6.dias@empresa.com.br
Isabela Dias4;isabela4.dias@empresa.com.br
Samuel Dias3;samuel3.dias@empresa.com.br
Viviane Dias3;viviane3.dias@empresa.com.br
Danilo Dias4;danilo4.dias@empresa.com.br
Rosana Dias4;rosana4.dias@empresa.com.br
Alexandre Dias4;alexandre4.dias@empresa.com.br
Tânia Dias4;tania4.dias@empresa.com.br
Edson Dias4;edson4.dias@empresa.com.br
Patrícia Dias10;patricia10.dias@empresa.com.br
Wesley Dias4;wesley4.dias@empresa.com.br
Cristina Dias4;cristina4.dias@empresa.com.br
Rogério Dias7;rogerio7.dias@empresa.com.br
Tatiane Dias7;tatiane7.dias@empresa.com.br
Fernando Dias4;fernando4.dias@empresa.com.br